{"ProjectBreakpoints":"{\"Value\":{\"Framework/InitAllSettings.xaml\":[{\"ConditionalExpression\":null,\"ActionExpression\":null,\"ExpectedHitCounter\":null,\"ShouldContinueAfterAction\":false,\"IsEnabled\":true,\"ActivityIdRef\":\"Assign_42\",\"ActivityId\":\"1.18\",\"ActivityName\":\"Assign\"}],\"Main.xaml\":[{\"ConditionalExpression\":null,\"ActionExpression\":null,\"ExpectedHitCounter\":null,\"ShouldContinueAfterAction\":false,\"IsEnabled\":true,\"ActivityIdRef\":\"If_1\",\"ActivityId\":\"1.27\",\"ActivityName\":\"If first run, read local configuration file\"}]}}","ProjectWatches":"{\"Value\":[]}","OpenedDocuments":"[\"Framework/InitAllApplications.xaml\",\"Main.xaml\",\"Framework/InitAllSettings.xaml\"]","LibraryProjectSettings":"{\"IncludeSourcesByDefault\":true,\"UseCSharpCompiler\":false,\"DefaultActivitiesRootCategories\":[null]}"}